{
	"pages": [{
		"path": "pages/index/index",
		"style": {
			"navigationBarBackgroundColor": "#FFFFFF",
			"navigationBarTextStyle": "black",
			"navigationBarTitleText": "首页"
		}
	},{
		"path": "pages/login/login",
		"style": {
			"navigationBarBackgroundColor": "#FFFFFF",
			"navigationBarTextStyle": "black",
			"navigationBarTitleText": "登录"
		}
	}, {
		"path": "pages/register/register",
		"style": {
			"navigationBarBackgroundColor": "#FFFFFF",
			"navigationBarTextStyle": "black",
			"navigationBarTitleText": "注册"
		}
	}, {
		"path": "pages/forget/forget",
		"style": {
			"navigationBarBackgroundColor": "#FFFFFF",
			"navigationBarTextStyle": "black",
			"navigationBarTitleText": "忘记密码"
		}
	}, {
		"path": "pages/center/center",
		"style": {
			"navigationBarBackgroundColor": "#FFFFFF",
			"navigationBarTextStyle": "black",
			"navigationBarTitleText": "我的"
		}
	}, {
		"path": "pages/user-info/user-info",
		"style": {
			"navigationBarBackgroundColor": "#FFFFFF",
			"navigationBarTextStyle": "black",
			"navigationBarTitleText": "用户信息"
		}
	}
	,{
		"path": "pages/systemintro/list",
		"style": {
			"navigationBarBackgroundColor": "#FFFFFF",
			"navigationBarTextStyle": "black"
		}
	},{
		"path": "pages/systemintro/add-or-update",
		"style": {
			"navigationBarBackgroundColor": "#FFFFFF",
			"navigationBarTextStyle": "black"
		}
	},{
		"path": "pages/systemintro/detail",
		"style": {
			"navigationBarBackgroundColor": "#FFFFFF",
			"navigationBarTextStyle": "black"
		}
	}
	,{
		"path": "pages/yonghu/list",
		"style": {
			"navigationBarBackgroundColor": "#FFFFFF",
			"navigationBarTextStyle": "black"
		}
	},{
		"path": "pages/yonghu/add-or-update",
		"style": {
			"navigationBarBackgroundColor": "#FFFFFF",
			"navigationBarTextStyle": "black"
		}
	},{
		"path": "pages/yonghu/detail",
		"style": {
			"navigationBarBackgroundColor": "#FFFFFF",
			"navigationBarTextStyle": "black"
		}
	}
	,{
		"path": "pages/minsuleixing/list",
		"style": {
			"navigationBarBackgroundColor": "#FFFFFF",
			"navigationBarTextStyle": "black"
		}
	},{
		"path": "pages/minsuleixing/add-or-update",
		"style": {
			"navigationBarBackgroundColor": "#FFFFFF",
			"navigationBarTextStyle": "black"
		}
	},{
		"path": "pages/minsuleixing/detail",
		"style": {
			"navigationBarBackgroundColor": "#FFFFFF",
			"navigationBarTextStyle": "black"
		}
	}
	,{
		"path": "pages/minsuxinxi/list",
		"style": {
			"navigationBarBackgroundColor": "#FFFFFF",
			"navigationBarTextStyle": "black"
		}
	},{
		"path": "pages/minsuxinxi/add-or-update",
		"style": {
			"navigationBarBackgroundColor": "#FFFFFF",
			"navigationBarTextStyle": "black"
		}
	},{
		"path": "pages/minsuxinxi/detail",
		"style": {
			"navigationBarBackgroundColor": "#FFFFFF",
			"navigationBarTextStyle": "black"
		}
	}
	,{
		"path": "pages/storeup/list",
		"style": {
			"navigationBarBackgroundColor": "#FFFFFF",
			"navigationBarTextStyle": "black"
		}
	}
	,{
		"path": "pages/minsuyuding/list",
		"style": {
			"navigationBarBackgroundColor": "#FFFFFF",
			"navigationBarTextStyle": "black"
		}
	},{
		"path": "pages/minsuyuding/add-or-update",
		"style": {
			"navigationBarBackgroundColor": "#FFFFFF",
			"navigationBarTextStyle": "black"
		}
	},{
		"path": "pages/minsuyuding/detail",
		"style": {
			"navigationBarBackgroundColor": "#FFFFFF",
			"navigationBarTextStyle": "black"
		}
	}
	,{
		"path": "pages/discussminsuxinxi/list",
		"style": {
			"navigationBarBackgroundColor": "#FFFFFF",
			"navigationBarTextStyle": "black"
		}
	},{
		"path": "pages/discussminsuxinxi/add-or-update",
		"style": {
			"navigationBarBackgroundColor": "#FFFFFF",
			"navigationBarTextStyle": "black"
		}
	},{
		"path": "pages/discussminsuxinxi/detail",
		"style": {
			"navigationBarBackgroundColor": "#FFFFFF",
			"navigationBarTextStyle": "black"
		}
	}
	, {
		"path": "pages/pay-confirm/pay-confirm",
		"style": {
			"navigationBarTitleText": "确认支付"
		}
	}
    ,{
        "path": "common/linkOthers/linkOthers",
        "style": {
			"navigationBarBackgroundColor": "#FFFFFF",
			"navigationBarTextStyle": "black"
        }
    }
	],
	"globalStyle": {
		"navigationBarTextStyle": "black",
		"navigationBarTitleText": "基于SpringBoot的微信小程序民宿预约管理系统",
		"navigationBarBackgroundColor": "#F8F8F8",
		"backgroundColor": "#F8F8F8"
	},
	"tabBar": {
		"color": "#626262",
		"selectedColor": "#3DA742",
		"borderStyle": "white",
		"backgroundColor": "#FFFFFF",
		"list": [{
				"pagePath": "pages/index/index",
				"iconPath": "static/tabs/2/index.png",
				"selectedIconPath": "static/tabs/2/index1.png",
				"text": "首页"
			}
			

			,{
				"pagePath": "pages/minsuxinxi/list",
				"iconPath": "/static/tabs/2/icon1.png",
				"selectedIconPath": "/static/tabs/2/icon1_act.png",
				"text": "民宿信息"
			}


			,{
				"pagePath": "pages/center/center",
				"iconPath": "static/tabs/2/mine.png",
				"selectedIconPath": "static/tabs/2/mine1.png",
				"text": "我的"
			}
		]
	}
}
