<?xml version="1.0" encoding="UTF-8"?>
<!DOCTYPE mapper PUBLIC "-//mybatis.org//DTD Mapper 3.0//EN" "http://mybatis.org/dtd/mybatis-3-mapper.dtd">

<mapper namespace="com.cl.dao.MinsuleixingDao">

	<!-- 可根据自己的需求，是否要使用 -->
    <resultMap type="com.cl.entity.MinsuleixingEntity" id="minsuleixingMap">
        <result property="minsuleixing" column="minsuleixing"/>
    </resultMap>

    <select id="selectListView"
		resultType="com.cl.entity.view.MinsuleixingView" >

		SELECT  minsuleixing.* FROM minsuleixing  minsuleixing 	        
        <where> 1=1 ${ew.sqlSegment}</where>
	</select>
	
	<select id="selectView"
		resultType="com.cl.entity.view.MinsuleixingView" >
		SELECT * FROM minsuleixing  minsuleixing <where> 1=1 ${ew.sqlSegment}</where>
	</select>
	

</mapper>
