<?xml version="1.0" encoding="UTF-8"?>
<!DOCTYPE mapper PUBLIC "-//mybatis.org//DTD Mapper 3.0//EN" "http://mybatis.org/dtd/mybatis-3-mapper.dtd">

<mapper namespace="com.cl.dao.StoreupDao">

	<!-- 可根据自己的需求，是否要使用 -->
    <resultMap type="com.cl.entity.StoreupEntity" id="storeupMap">
        <result property="refid" column="refid"/>
        <result property="tablename" column="tablename"/>
        <result property="name" column="name"/>
        <result property="picture" column="picture"/>
        <result property="type" column="type"/>
        <result property="inteltype" column="inteltype"/>
        <result property="remark" column="remark"/>
        <result property="userid" column="userid"/>
    </resultMap>

    <select id="selectListView"
		resultType="com.cl.entity.view.StoreupView" >

		SELECT  storeup.* FROM storeup  storeup 	        
        <where> 1=1 ${ew.sqlSegment}</where>
	</select>
	
	<select id="selectView"
		resultType="com.cl.entity.view.StoreupView" >
		SELECT * FROM storeup  storeup <where> 1=1 ${ew.sqlSegment}</where>
	</select>
	

</mapper>
